Date, Time,- ,# ,ProcId ,Name ,Start ,TotalTm ,UserTm ,PrivateMem ,WorkSet ,WorkSet (Peak) ,Virtual Size ,Virtual (Peak) Size ,Paged Size ,Paged (Peak) Size ,Handles ,#Threads ,#Modules ,Log 

10/5/2009, 17:09:27, , ,4084 ,Azulon ,10/5/2009 5:01:52 PM ,9.422 ,5.563 ,4813.89 MB ,2815.46 MB ,2931.98 MB ,10961.46 MB ,11185.39 MB ,4813.89 MB ,5071.70 MB ,2817 ,112 ,96 ,Log 
10/5/2009, 17:14:27, , ,4084 ,Azulon ,10/5/2009 5:01:52 PM ,19.735 ,10.361 ,4794.27 MB ,2817.03 MB ,2931.98 MB ,10951.26 MB ,11185.39 MB ,4794.27 MB ,5071.70 MB ,2711 ,112 ,96 ,Log 
10/5/2009, 17:19:27, , ,4084 ,Azulon ,10/5/2009 5:01:52 PM ,29.894 ,15.137 ,4802.46 MB ,2818.14 MB ,2931.98 MB ,10951.52 MB ,11185.39 MB ,4802.46 MB ,5071.70 MB ,2506 ,112 ,96 ,Log 
10/5/2009, 17:24:27, , ,4084 ,Azulon ,10/5/2009 5:01:52 PM ,40.094 ,19.955 ,4802.46 MB ,2818.42 MB ,2931.98 MB ,10951.52 MB ,11185.39 MB ,4802.46 MB ,5071.70 MB ,2506 ,112 ,96 ,Log 
10/5/2009, 17:29:27, , ,4084 ,Azulon ,10/5/2009 5:01:52 PM ,50.252 ,24.748 ,4803.01 MB ,2818.70 MB ,2931.98 MB ,10952.06 MB ,11185.39 MB ,4803.01 MB ,5071.70 MB ,2507 ,112 ,96 ,Log 
10/5/2009, 17:34:27, , ,4084 ,Azulon ,10/5/2009 5:01:52 PM ,60.410 ,29.547 ,4803.01 MB ,2818.98 MB ,2931.98 MB ,10952.06 MB ,11185.39 MB ,4803.01 MB ,5071.70 MB ,2507 ,112 ,96 ,Log 
10/5/2009, 17:39:27, , ,4084 ,Azulon ,10/5/2009 5:01:52 PM ,70.578 ,34.363 ,4804.15 MB ,2819.50 MB ,2931.98 MB ,10960.89 MB ,11185.39 MB ,4804.15 MB ,5071.70 MB ,2517 ,114 ,96 ,Log 
10/5/2009, 17:44:27, , ,4084 ,Azulon ,10/5/2009 5:01:52 PM ,80.704 ,39.078 ,4804.07 MB ,2819.75 MB ,2931.98 MB ,10952.89 MB ,11185.39 MB ,4804.07 MB ,5071.70 MB ,2515 ,112 ,96 ,Log 
10/5/2009, 17:47:10, , ,4084 ,Azulon ,10/5/2009 5:01:52 PM ,80.704 ,39.078 ,4804.07 MB ,2819.75 MB ,2931.98 MB ,10952.89 MB ,11185.39 MB ,4804.07 MB ,5071.70 MB ,2515 ,112 ,96 ,Log 
10/5/2009, 17:49:27, , ,4084 ,Azulon ,10/5/2009 5:01:52 PM ,90.097 ,43.634 ,5203.05 MB ,2623.96 MB ,2931.98 MB ,11220.21 MB ,11264.86 MB ,5203.05 MB ,5226.67 MB ,2521 ,115 ,96 ,Log 
10/5/2009, 17:54:27, , ,4084 ,Azulon ,10/5/2009 5:01:52 PM ,100.292 ,48.420 ,4859.71 MB ,2559.26 MB ,2931.98 MB ,10952.02 MB ,11264.86 MB ,4859.71 MB ,5226.67 MB ,2580 ,112 ,96 ,Log 
10/5/2009, 17:59:27, , ,4084 ,Azulon ,10/5/2009 5:01:52 PM ,110.789 ,53.475 ,4859.97 MB ,2560.00 MB ,2931.98 MB ,10952.28 MB ,11264.86 MB ,4859.97 MB ,5226.67 MB ,2581 ,112 ,96 ,Log 
10/5/2009, 18:04:27, , ,4084 ,Azulon ,10/5/2009 5:01:52 PM ,120.945 ,58.178 ,4859.97 MB ,2560.36 MB ,2931.98 MB ,10952.28 MB ,11264.86 MB ,4859.97 MB ,5226.67 MB ,2584 ,112 ,96 ,Log 
10/5/2009, 18:09:27, , ,4084 ,Azulon ,10/5/2009 5:01:52 PM ,131.057 ,62.899 ,4860.52 MB ,2560.65 MB ,2931.98 MB ,10952.82 MB ,11264.86 MB ,4860.52 MB ,5226.67 MB ,2589 ,112 ,96 ,Log 
10/5/2009, 18:14:27, , ,4084 ,Azulon ,10/5/2009 5:01:52 PM ,141.220 ,67.655 ,4860.52 MB ,2560.94 MB ,2931.98 MB ,10952.82 MB ,11264.86 MB ,4860.52 MB ,5226.67 MB ,2593 ,112 ,96 ,Log 
10/5/2009, 18:19:27, , ,4084 ,Azulon ,10/5/2009 5:01:52 PM ,151.415 ,72.427 ,4862.11 MB ,2577.59 MB ,2931.98 MB ,10954.41 MB ,11264.86 MB ,4862.11 MB ,5226.67 MB ,2598 ,112 ,96 ,Log 
10/5/2009, 18:24:27, , ,4084 ,Azulon ,10/5/2009 5:01:52 PM ,161.622 ,77.193 ,4862.87 MB ,2578.63 MB ,2931.98 MB ,10955.17 MB ,11264.86 MB ,4862.87 MB ,5226.67 MB ,2608 ,112 ,96 ,Log 
10/5/2009, 18:29:27, , ,4084 ,Azulon ,10/5/2009 5:01:52 PM ,171.727 ,81.942 ,4862.87 MB ,2578.90 MB ,2931.98 MB ,10955.17 MB ,11264.86 MB ,4862.87 MB ,5226.67 MB ,2618 ,112 ,96 ,Log 
10/5/2009, 18:34:27, , ,4084 ,Azulon ,10/5/2009 5:01:52 PM ,181.885 ,86.679 ,4864.37 MB ,2594.70 MB ,2931.98 MB ,10956.66 MB ,11264.86 MB ,4864.37 MB ,5226.67 MB ,2624 ,112 ,96 ,Log 
10/5/2009, 18:39:27, , ,4084 ,Azulon ,10/5/2009 5:01:52 PM ,192.094 ,91.482 ,4864.37 MB ,2595.01 MB ,2931.98 MB ,10956.66 MB ,11264.86 MB ,4864.37 MB ,5226.67 MB ,2634 ,112 ,96 ,Log 
10/5/2009, 18:44:27, , ,4084 ,Azulon ,10/5/2009 5:01:52 PM ,202.299 ,96.247 ,4864.37 MB ,2595.29 MB ,2931.98 MB ,10956.66 MB ,11264.86 MB ,4864.37 MB ,5226.67 MB ,2642 ,112 ,96 ,Log 
10/5/2009, 18:49:27, , ,4084 ,Azulon ,10/5/2009 5:01:52 PM ,212.442 ,100.905 ,4861.91 MB ,2593.05 MB ,2931.98 MB ,10956.66 MB ,11264.86 MB ,4861.91 MB ,5226.67 MB ,2651 ,112 ,96 ,Log 
10/5/2009, 18:54:27, , ,4084 ,Azulon ,10/5/2009 5:01:52 PM ,222.749 ,105.788 ,4861.48 MB ,2608.20 MB ,2931.98 MB ,10957.43 MB ,11264.86 MB ,4861.48 MB ,5226.67 MB ,2659 ,112 ,96 ,Log 
10/5/2009, 18:59:27, , ,4084 ,Azulon ,10/5/2009 5:01:52 PM ,233.233 ,110.843 ,4862.48 MB ,2608.11 MB ,2931.98 MB ,10959.53 MB ,11264.86 MB ,4862.48 MB ,5226.67 MB ,2667 ,112 ,96 ,Log 
10/5/2009, 19:04:27, , ,4084 ,Azulon ,10/5/2009 5:01:52 PM ,243.400 ,115.557 ,4861.81 MB ,2607.78 MB ,2931.98 MB ,10959.53 MB ,11264.86 MB ,4861.81 MB ,5226.67 MB ,2679 ,112 ,96 ,Log 
10/5/2009, 19:09:27, , ,4084 ,Azulon ,10/5/2009 5:01:52 PM ,253.556 ,120.207 ,4861.72 MB ,2607.97 MB ,2931.98 MB ,10959.53 MB ,11264.86 MB ,4861.72 MB ,5226.67 MB ,2691 ,112 ,96 ,Log 
10/5/2009, 19:14:27, , ,4084 ,Azulon ,10/5/2009 5:01:52 PM ,263.701 ,124.932 ,4861.85 MB ,2608.36 MB ,2931.98 MB ,10959.53 MB ,11264.86 MB ,4861.85 MB ,5226.67 MB ,2698 ,112 ,96 ,Log 
10/5/2009, 19:19:27, , ,4084 ,Azulon ,10/5/2009 5:01:52 PM ,273.890 ,129.695 ,4862.04 MB ,2608.84 MB ,2931.98 MB ,10959.53 MB ,11264.86 MB ,4862.04 MB ,5226.67 MB ,2708 ,112 ,96 ,Log 
10/5/2009, 19:24:27, , ,4084 ,Azulon ,10/5/2009 5:01:52 PM ,284.112 ,134.480 ,4862.32 MB ,2610.20 MB ,2931.98 MB ,10967.53 MB ,11264.86 MB ,4862.32 MB ,5226.67 MB ,2724 ,114 ,96 ,Log 
10/5/2009, 19:29:27, , ,4084 ,Azulon ,10/5/2009 5:01:52 PM ,294.239 ,139.159 ,4865.16 MB ,2610.56 MB ,2931.98 MB ,10962.31 MB ,11264.86 MB ,4865.16 MB ,5226.67 MB ,2728 ,112 ,96 ,Log 
10/5/2009, 19:34:27, , ,4084 ,Azulon ,10/5/2009 5:01:52 PM ,304.429 ,143.919 ,4865.38 MB ,2611.04 MB ,2931.98 MB ,10962.31 MB ,11264.86 MB ,4865.38 MB ,5226.67 MB ,2740 ,112 ,96 ,Log 
10/5/2009, 19:39:27, , ,4084 ,Azulon ,10/5/2009 5:01:52 PM ,314.673 ,148.679 ,4865.69 MB ,2620.43 MB ,2931.98 MB ,10962.31 MB ,11264.86 MB ,4865.69 MB ,5226.67 MB ,2746 ,112 ,96 ,Log 
10/5/2009, 19:44:27, , ,4084 ,Azulon ,10/5/2009 5:01:52 PM ,324.811 ,153.417 ,4865.81 MB ,2620.83 MB ,2931.98 MB ,10962.31 MB ,11264.86 MB ,4865.81 MB ,5226.67 MB ,2754 ,112 ,96 ,Log 
10/5/2009, 19:49:27, , ,4084 ,Azulon ,10/5/2009 5:01:52 PM ,335.000 ,158.157 ,4865.93 MB ,2621.22 MB ,2931.98 MB ,10962.31 MB ,11264.86 MB ,4865.93 MB ,5226.67 MB ,2761 ,112 ,96 ,Log 
10/5/2009, 19:54:27, , ,4084 ,Azulon ,10/5/2009 5:01:52 PM ,345.290 ,163.021 ,4867.28 MB ,2624.50 MB ,2931.98 MB ,10962.31 MB ,11264.86 MB ,4867.28 MB ,5226.67 MB ,2793 ,112 ,96 ,Log 
10/5/2009, 19:59:27, , ,4084 ,Azulon ,10/5/2009 5:01:52 PM ,355.753 ,168.072 ,4869.77 MB ,2627.65 MB ,2931.98 MB ,10962.31 MB ,11264.86 MB ,4869.77 MB ,5226.67 MB ,2830 ,112 ,96 ,Log 
10/5/2009, 20:04:27, , ,4084 ,Azulon ,10/5/2009 5:01:52 PM ,365.618 ,172.727 ,4871.02 MB ,2629.23 MB ,2931.98 MB ,10962.31 MB ,11264.86 MB ,4871.02 MB ,5226.67 MB ,2876 ,112 ,96 ,Log 
10/5/2009, 20:09:27, , ,4084 ,Azulon ,10/5/2009 5:01:52 PM ,375.586 ,177.375 ,4871.70 MB ,2630.18 MB ,2931.98 MB ,10962.31 MB ,11264.86 MB ,4871.70 MB ,5226.67 MB ,2910 ,112 ,96 ,Log 
10/5/2009, 20:14:27, , ,4084 ,Azulon ,10/5/2009 5:01:52 PM ,385.539 ,182.017 ,4847.03 MB ,2630.08 MB ,2931.98 MB ,10962.31 MB ,11264.86 MB ,4847.03 MB ,5226.67 MB ,2931 ,112 ,96 ,Log 
10/5/2009, 20:19:27, , ,4084 ,Azulon ,10/5/2009 5:01:52 PM ,395.579 ,186.713 ,4847.92 MB ,2631.33 MB ,2931.98 MB ,10962.31 MB ,11264.86 MB ,4847.92 MB ,5226.67 MB ,2968 ,112 ,96 ,Log 
10/5/2009, 20:24:27, , ,4084 ,Azulon ,10/5/2009 5:01:52 PM ,405.514 ,191.436 ,4853.59 MB ,2633.07 MB ,2931.98 MB ,10966.48 MB ,11264.86 MB ,4853.59 MB ,5226.67 MB ,3023 ,112 ,96 ,Log 
10/5/2009, 20:29:27, , ,4084 ,Azulon ,10/5/2009 5:01:52 PM ,415.539 ,196.125 ,4853.65 MB ,2633.41 MB ,2931.98 MB ,10966.48 MB ,11264.86 MB ,4853.65 MB ,5226.67 MB ,3023 ,112 ,96 ,Log 
10/5/2009, 20:34:27, , ,4084 ,Azulon ,10/5/2009 5:01:52 PM ,425.526 ,200.792 ,4853.67 MB ,2633.72 MB ,2931.98 MB ,10966.48 MB ,11264.86 MB ,4853.67 MB ,5226.67 MB ,3024 ,112 ,96 ,Log 
10/5/2009, 20:39:27, , ,4084 ,Azulon ,10/5/2009 5:01:52 PM ,435.599 ,205.563 ,4853.92 MB ,2634.30 MB ,2931.98 MB ,10966.48 MB ,11264.86 MB ,4853.92 MB ,5226.67 MB ,3024 ,112 ,96 ,Log 
Date, Time,- ,# ,ProcId ,Name ,Start ,TotalTm ,UserTm ,PrivateMem ,WorkSet ,WorkSet (Peak) ,Virtual Size ,Virtual (Peak) Size ,Paged Size ,Paged (Peak) Size ,Handles ,#Threads ,#Modules ,Log 
10/5/2009, 20:44:27, , ,4084 ,Azulon ,10/5/2009 5:01:52 PM ,445.407 ,210.141 ,4853.92 MB ,2634.58 MB ,2931.98 MB ,10966.48 MB ,11264.86 MB ,4853.92 MB ,5226.67 MB ,3025 ,112 ,96 ,Log 
10/5/2009, 20:49:27, , ,4084 ,Azulon ,10/5/2009 5:01:52 PM ,455.501 ,214.874 ,4854.15 MB ,2635.11 MB ,2931.98 MB ,10966.48 MB ,11264.86 MB ,4854.15 MB ,5226.67 MB ,3026 ,112 ,96 ,Log 
10/5/2009, 20:54:27, , ,4084 ,Azulon ,10/5/2009 5:01:52 PM ,465.772 ,219.729 ,4467.73 MB ,2267.75 MB ,2931.98 MB ,10966.74 MB ,11264.86 MB ,4467.73 MB ,5226.67 MB ,2198 ,112 ,96 ,Log 
10/5/2009, 20:59:27, , ,4084 ,Azulon ,10/5/2009 5:01:52 PM ,476.039 ,224.690 ,4469.19 MB ,2269.61 MB ,2931.98 MB ,10966.74 MB ,11264.86 MB ,4469.19 MB ,5226.67 MB ,2207 ,112 ,96 ,Log 
10/5/2009, 21:04:27, , ,4084 ,Azulon ,10/5/2009 5:01:52 PM ,486.135 ,229.447 ,4469.29 MB ,2269.98 MB ,2931.98 MB ,10966.74 MB ,11264.86 MB ,4469.29 MB ,5226.67 MB ,2209 ,112 ,96 ,Log 
10/5/2009, 21:09:27, , ,4084 ,Azulon ,10/5/2009 5:01:52 PM ,496.135 ,234.092 ,4469.29 MB ,2270.32 MB ,2931.98 MB ,10966.74 MB ,11264.86 MB ,4469.29 MB ,5226.67 MB ,2211 ,112 ,96 ,Log 
10/5/2009, 21:14:27, , ,4084 ,Azulon ,10/5/2009 5:01:52 PM ,506.143 ,238.788 ,4469.29 MB ,2270.59 MB ,2931.98 MB ,10966.74 MB ,11264.86 MB ,4469.29 MB ,5226.67 MB ,2212 ,112 ,96 ,Log 
10/5/2009, 21:19:27, , ,4084 ,Azulon ,10/5/2009 5:01:52 PM ,516.248 ,243.528 ,4469.45 MB ,2271.03 MB ,2931.98 MB ,10966.74 MB ,11264.86 MB ,4469.45 MB ,5226.67 MB ,2213 ,112 ,96 ,Log 
10/5/2009, 21:24:27, , ,4084 ,Azulon ,10/5/2009 5:01:52 PM ,526.392 ,248.222 ,4469.45 MB ,2271.30 MB ,2931.98 MB ,10966.74 MB ,11264.86 MB ,4469.45 MB ,5226.67 MB ,2214 ,112 ,96 ,Log 
10/5/2009, 21:29:27, , ,4084 ,Azulon ,10/5/2009 5:01:52 PM ,536.353 ,252.919 ,4469.45 MB ,2271.61 MB ,2931.98 MB ,10966.74 MB ,11264.86 MB ,4469.45 MB ,5226.67 MB ,2218 ,112 ,96 ,Log 
10/5/2009, 21:34:27, , ,4084 ,Azulon ,10/5/2009 5:01:52 PM ,546.422 ,257.628 ,4469.45 MB ,2271.92 MB ,2931.98 MB ,10966.74 MB ,11264.86 MB ,4469.45 MB ,5226.67 MB ,2222 ,112 ,96 ,Log 
10/5/2009, 21:39:27, , ,4084 ,Azulon ,10/5/2009 5:01:52 PM ,556.540 ,262.345 ,4475.83 MB ,2272.34 MB ,2931.98 MB ,10973.00 MB ,11264.86 MB ,4475.83 MB ,5226.67 MB ,2225 ,112 ,96 ,Log 
10/5/2009, 21:44:27, , ,4084 ,Azulon ,10/5/2009 5:01:52 PM ,566.634 ,267.023 ,4475.83 MB ,2272.76 MB ,2931.98 MB ,10973.00 MB ,11264.86 MB ,4475.83 MB ,5226.67 MB ,2236 ,112 ,96 ,Log 
10/5/2009, 21:49:27, , ,4084 ,Azulon ,10/5/2009 5:01:52 PM ,576.705 ,271.720 ,4475.84 MB ,2273.04 MB ,2931.98 MB ,10973.00 MB ,11264.86 MB ,4475.84 MB ,5226.67 MB ,2242 ,112 ,96 ,Log 
10/5/2009, 21:54:27, , ,4084 ,Azulon ,10/5/2009 5:01:52 PM ,586.947 ,276.556 ,4476.69 MB ,2274.18 MB ,2931.98 MB ,10973.25 MB ,11264.86 MB ,4476.69 MB ,5226.67 MB ,2251 ,112 ,96 ,Log 
10/5/2009, 21:59:27, , ,4084 ,Azulon ,10/5/2009 5:01:52 PM ,597.282 ,281.592 ,4478.01 MB ,2275.79 MB ,2931.98 MB ,10973.25 MB ,11264.86 MB ,4478.01 MB ,5226.67 MB ,2258 ,112 ,96 ,Log 
10/5/2009, 22:04:27, , ,4084 ,Azulon ,10/5/2009 5:01:52 PM ,607.288 ,286.224 ,4477.27 MB ,2275.36 MB ,2931.98 MB ,10973.25 MB ,11264.86 MB ,4477.27 MB ,5226.67 MB ,2269 ,112 ,96 ,Log 
10/5/2009, 22:09:27, , ,4084 ,Azulon ,10/5/2009 5:01:52 PM ,617.347 ,290.931 ,4477.39 MB ,2275.73 MB ,2931.98 MB ,10973.25 MB ,11264.86 MB ,4477.39 MB ,5226.67 MB ,2277 ,112 ,96 ,Log 
10/5/2009, 22:14:27, , ,4084 ,Azulon ,10/5/2009 5:01:52 PM ,627.385 ,295.629 ,4477.51 MB ,2276.12 MB ,2931.98 MB ,10973.25 MB ,11264.86 MB ,4477.51 MB ,5226.67 MB ,2285 ,112 ,96 ,Log 
10/5/2009, 22:19:27, , ,4084 ,Azulon ,10/5/2009 5:01:52 PM ,637.449 ,300.319 ,4477.78 MB ,2276.66 MB ,2931.98 MB ,10973.25 MB ,11264.86 MB ,4477.78 MB ,5226.67 MB ,2294 ,112 ,96 ,Log 
10/5/2009, 22:24:27, , ,4084 ,Azulon ,10/5/2009 5:01:52 PM ,647.423 ,304.987 ,4477.96 MB ,2277.12 MB ,2931.98 MB ,10973.25 MB ,11264.86 MB ,4477.96 MB ,5226.67 MB ,2304 ,112 ,96 ,Log 
10/5/2009, 22:29:27, , ,4084 ,Azulon ,10/5/2009 5:01:52 PM ,657.597 ,309.669 ,4478.08 MB ,2277.52 MB ,2931.98 MB ,10973.25 MB ,11264.86 MB ,4478.08 MB ,5226.67 MB ,2312 ,112 ,96 ,Log 
10/5/2009, 22:34:27, , ,4084 ,Azulon ,10/5/2009 5:01:52 PM ,667.773 ,314.357 ,4478.34 MB ,2278.07 MB ,2931.98 MB ,10973.25 MB ,11264.86 MB ,4478.34 MB ,5226.67 MB ,2320 ,112 ,96 ,Log 
10/5/2009, 22:39:27, , ,4084 ,Azulon ,10/5/2009 5:01:52 PM ,677.977 ,319.091 ,4478.73 MB ,2278.74 MB ,2931.98 MB ,10973.25 MB ,11264.86 MB ,4478.73 MB ,5226.67 MB ,2330 ,112 ,96 ,Log 
10/5/2009, 22:44:27, , ,4084 ,Azulon ,10/5/2009 5:01:52 PM ,688.122 ,323.798 ,4478.90 MB ,2279.19 MB ,2931.98 MB ,10973.25 MB ,11264.86 MB ,4478.90 MB ,5226.67 MB ,2341 ,112 ,96 ,Log 
10/5/2009, 22:49:27, , ,4084 ,Azulon ,10/5/2009 5:01:52 PM ,698.310 ,328.564 ,4479.03 MB ,2279.60 MB ,2931.98 MB ,10973.25 MB ,11264.86 MB ,4479.03 MB ,5226.67 MB ,2348 ,112 ,96 ,Log 
10/5/2009, 22:54:27, , ,4084 ,Azulon ,10/5/2009 5:01:52 PM ,708.658 ,333.443 ,4483.98 MB ,2280.98 MB ,2931.98 MB ,10977.25 MB ,11264.86 MB ,4483.98 MB ,5226.67 MB ,2356 ,113 ,96 ,Log 
10/5/2009, 22:59:27, , ,4084 ,Azulon ,10/5/2009 5:01:52 PM ,719.211 ,338.577 ,4481.67 MB ,2283.28 MB ,2931.98 MB ,10973.25 MB ,11264.86 MB ,4481.67 MB ,5226.67 MB ,2367 ,112 ,96 ,Log 
10/5/2009, 23:04:27, , ,4084 ,Azulon ,10/5/2009 5:01:52 PM ,729.424 ,343.269 ,4481.81 MB ,2283.70 MB ,2931.98 MB ,10973.25 MB ,11264.86 MB ,4481.81 MB ,5226.67 MB ,2376 ,112 ,96 ,Log 
10/5/2009, 23:09:27, , ,4084 ,Azulon ,10/5/2009 5:01:52 PM ,739.644 ,348.006 ,4481.97 MB ,2284.13 MB ,2931.98 MB ,10973.25 MB ,11264.86 MB ,4481.97 MB ,5226.67 MB ,2385 ,112 ,96 ,Log 
10/5/2009, 23:14:27, , ,4084 ,Azulon ,10/5/2009 5:01:52 PM ,749.808 ,352.672 ,4482.09 MB ,2284.52 MB ,2931.98 MB ,10973.25 MB ,11264.86 MB ,4482.09 MB ,5226.67 MB ,2392 ,112 ,96 ,Log 
10/5/2009, 23:19:27, , ,4084 ,Azulon ,10/5/2009 5:01:52 PM ,760.066 ,357.487 ,4482.40 MB ,2285.16 MB ,2931.98 MB ,10973.25 MB ,11264.86 MB ,4482.40 MB ,5226.67 MB ,2398 ,112 ,96 ,Log 
10/5/2009, 23:24:27, , ,4084 ,Azulon ,10/5/2009 5:01:52 PM ,770.279 ,362.182 ,4483.18 MB ,2286.21 MB ,2931.98 MB ,10973.25 MB ,11264.86 MB ,4483.18 MB ,5226.67 MB ,2437 ,112 ,96 ,Log 
10/5/2009, 23:29:27, , ,4084 ,Azulon ,10/5/2009 5:01:52 PM ,780.452 ,366.948 ,4484.25 MB ,2287.59 MB ,2931.98 MB ,10973.25 MB ,11264.86 MB ,4484.25 MB ,5226.67 MB ,2483 ,112 ,96 ,Log 
10/5/2009, 23:34:27, , ,4084 ,Azulon ,10/5/2009 5:01:52 PM ,790.659 ,371.701 ,4494.66 MB ,2288.88 MB ,2931.98 MB ,10982.64 MB ,11264.86 MB ,4494.66 MB ,5226.67 MB ,2523 ,112 ,96 ,Log 
10/5/2009, 23:39:27, , ,4084 ,Azulon ,10/5/2009 5:01:52 PM ,800.875 ,376.523 ,4495.72 MB ,2290.34 MB ,2931.98 MB ,10982.64 MB ,11264.86 MB ,4495.72 MB ,5226.67 MB ,2552 ,112 ,96 ,Log 
10/5/2009, 23:44:27, , ,4084 ,Azulon ,10/5/2009 5:01:52 PM ,811.078 ,381.238 ,4499.11 MB ,2294.09 MB ,2931.98 MB ,10982.64 MB ,11264.86 MB ,4499.11 MB ,5226.67 MB ,2679 ,112 ,96 ,Log 
10/5/2009, 23:49:27, , ,4084 ,Azulon ,10/5/2009 5:01:52 PM ,821.230 ,385.926 ,4499.14 MB ,2294.39 MB ,2931.98 MB ,10982.64 MB ,11264.86 MB ,4499.14 MB ,5226.67 MB ,2681 ,112 ,96 ,Log 
10/5/2009, 23:54:27, , ,4084 ,Azulon ,10/5/2009 5:01:52 PM ,831.588 ,390.790 ,4500.12 MB ,2296.00 MB ,2931.98 MB ,10982.64 MB ,11264.86 MB ,4500.12 MB ,5226.67 MB ,2681 ,112 ,96 ,Log 
10/5/2009, 23:59:27, , ,4084 ,Azulon ,10/5/2009 5:01:52 PM ,842.063 ,395.758 ,4501.63 MB ,2297.96 MB ,2931.98 MB ,10982.64 MB ,11264.86 MB ,4501.63 MB ,5226.67 MB ,2681 ,112 ,96 ,Log 
10/6/2009, 00:04:27, , ,4084 ,Azulon ,10/5/2009 5:01:52 PM ,852.229 ,400.465 ,4501.63 MB ,2298.25 MB ,2931.98 MB ,10982.64 MB ,11264.86 MB ,4501.63 MB ,5226.67 MB ,2681 ,112 ,96 ,Log 
10/6/2009, 00:09:27, , ,4084 ,Azulon ,10/5/2009 5:01:52 PM ,862.371 ,405.120 ,4501.65 MB ,2298.54 MB ,2931.98 MB ,10982.64 MB ,11264.86 MB ,4501.65 MB ,5226.67 MB ,2688 ,112 ,96 ,Log 
10/6/2009, 00:14:27, , ,4084 ,Azulon ,10/5/2009 5:01:52 PM ,872.553 ,409.882 ,4501.69 MB ,2298.86 MB ,2931.98 MB ,10982.64 MB ,11264.86 MB ,4501.69 MB ,5226.67 MB ,2691 ,112 ,96 ,Log 
10/6/2009, 00:19:27, , ,4084 ,Azulon ,10/5/2009 5:01:52 PM ,882.729 ,414.681 ,4502.08 MB ,2299.52 MB ,2931.98 MB ,10982.64 MB ,11264.86 MB ,4502.08 MB ,5226.67 MB ,2701 ,112 ,96 ,Log 
10/6/2009, 00:24:27, , ,4084 ,Azulon ,10/5/2009 5:01:52 PM ,892.901 ,419.373 ,4502.22 MB ,2299.95 MB ,2931.98 MB ,10982.64 MB ,11264.86 MB ,4502.22 MB ,5226.67 MB ,2709 ,112 ,96 ,Log 
10/6/2009, 00:29:27, , ,4084 ,Azulon ,10/5/2009 5:01:52 PM ,903.128 ,424.120 ,4502.38 MB ,2300.38 MB ,2931.98 MB ,10982.64 MB ,11264.86 MB ,4502.38 MB ,5226.67 MB ,2718 ,112 ,96 ,Log 
10/6/2009, 00:34:27, , ,4084 ,Azulon ,10/5/2009 5:01:52 PM ,913.284 ,428.880 ,4502.50 MB ,2300.77 MB ,2931.98 MB ,10982.64 MB ,11264.86 MB ,4502.50 MB ,5226.67 MB ,2723 ,112 ,96 ,Log 
10/6/2009, 00:39:27, , ,4084 ,Azulon ,10/5/2009 5:01:52 PM ,923.431 ,433.599 ,4503.05 MB ,2301.61 MB ,2931.98 MB ,10982.64 MB ,11264.86 MB ,4503.05 MB ,5226.67 MB ,2733 ,112 ,96 ,Log 
10/6/2009, 00:44:27, , ,4084 ,Azulon ,10/5/2009 5:01:52 PM ,933.593 ,438.324 ,4503.18 MB ,2302.01 MB ,2931.98 MB ,10982.64 MB ,11264.86 MB ,4503.18 MB ,5226.67 MB ,2742 ,112 ,96 ,Log 
10/6/2009, 00:49:27, , ,4084 ,Azulon ,10/5/2009 5:01:52 PM ,944.184 ,443.130 ,4503.88 MB ,2304.23 MB ,2931.98 MB ,10983.14 MB ,11264.86 MB ,4503.88 MB ,5226.67 MB ,2750 ,112 ,96 ,Log 
Date, Time,- ,# ,ProcId ,Name ,Start ,TotalTm ,UserTm ,PrivateMem ,WorkSet ,WorkSet (Peak) ,Virtual Size ,Virtual (Peak) Size ,Paged Size ,Paged (Peak) Size ,Handles ,#Threads ,#Modules ,Log 
10/6/2009, 00:54:27, , ,4084 ,Azulon ,10/5/2009 5:01:52 PM ,954.622 ,448.148 ,4504.37 MB ,2305.00 MB ,2931.98 MB ,10982.64 MB ,11264.86 MB ,4504.37 MB ,5226.67 MB ,2756 ,112 ,96 ,Log 
10/6/2009, 00:59:27, , ,4084 ,Azulon ,10/5/2009 5:01:52 PM ,965.244 ,453.361 ,4506.24 MB ,2307.15 MB ,2931.98 MB ,10982.64 MB ,11264.86 MB ,4506.24 MB ,5226.67 MB ,2765 ,112 ,96 ,Log 
10/6/2009, 01:04:27, , ,4084 ,Azulon ,10/5/2009 5:01:52 PM ,975.451 ,458.024 ,4506.48 MB ,2307.68 MB ,2931.98 MB ,10982.64 MB ,11264.86 MB ,4506.48 MB ,5226.67 MB ,2775 ,112 ,96 ,Log 
10/6/2009, 01:09:27, , ,4084 ,Azulon ,10/5/2009 5:01:52 PM ,985.646 ,462.713 ,4506.70 MB ,2308.18 MB ,2931.98 MB ,10982.64 MB ,11264.86 MB ,4506.70 MB ,5226.67 MB ,2784 ,112 ,96 ,Log 
10/6/2009, 01:14:27, , ,4084 ,Azulon ,10/5/2009 5:01:52 PM ,995.865 ,467.483 ,4507.05 MB ,2308.81 MB ,2931.98 MB ,10982.64 MB ,11264.86 MB ,4507.05 MB ,5226.67 MB ,2790 ,112 ,96 ,Log 
10/6/2009, 01:19:27, , ,4084 ,Azulon ,10/5/2009 5:01:52 PM ,1006.032 ,472.223 ,4507.63 MB ,2309.60 MB ,2931.98 MB ,10982.64 MB ,11264.86 MB ,4507.63 MB ,5226.67 MB ,2797 ,112 ,96 ,Log 
10/6/2009, 01:24:27, , ,4084 ,Azulon ,10/5/2009 5:01:52 PM ,1016.240 ,477.021 ,4507.72 MB ,2309.97 MB ,2931.98 MB ,10982.64 MB ,11264.86 MB ,4507.72 MB ,5226.67 MB ,2804 ,112 ,96 ,Log 
10/6/2009, 01:29:27, , ,4084 ,Azulon ,10/5/2009 5:01:52 PM ,1026.422 ,481.737 ,4507.90 MB ,2310.43 MB ,2931.98 MB ,10982.64 MB ,11264.86 MB ,4507.90 MB ,5226.67 MB ,2814 ,112 ,96 ,Log 
10/6/2009, 01:34:27, , ,4084 ,Azulon ,10/5/2009 5:01:52 PM ,1036.608 ,486.480 ,4508.02 MB ,2310.82 MB ,2931.98 MB ,10982.64 MB ,11264.86 MB ,4508.02 MB ,5226.67 MB ,2821 ,112 ,96 ,Log 
10/6/2009, 01:39:27, , ,4084 ,Azulon ,10/5/2009 5:01:52 PM ,1046.817 ,491.255 ,4508.48 MB ,2311.55 MB ,2931.98 MB ,10982.64 MB ,11264.86 MB ,4508.48 MB ,5226.67 MB ,2827 ,112 ,96 ,Log 
10/6/2009, 01:44:27, , ,4084 ,Azulon ,10/5/2009 5:01:52 PM ,1056.988 ,495.943 ,4508.60 MB ,2311.95 MB ,2931.98 MB ,10982.64 MB ,11264.86 MB ,4508.60 MB ,5226.67 MB ,2833 ,112 ,96 ,Log 
10/6/2009, 01:49:27, , ,4084 ,Azulon ,10/5/2009 5:01:52 PM ,1067.189 ,500.691 ,4508.78 MB ,2312.40 MB ,2931.98 MB ,10982.64 MB ,11264.86 MB ,4508.78 MB ,5226.67 MB ,2842 ,112 ,96 ,Log 
10/6/2009, 01:54:27, , ,4084 ,Azulon ,10/5/2009 5:01:52 PM ,1077.545 ,505.647 ,4509.93 MB ,2313.83 MB ,2931.98 MB ,10982.89 MB ,11264.86 MB ,4509.93 MB ,5226.67 MB ,2849 ,112 ,96 ,Log 
10/6/2009, 01:59:27, , ,4084 ,Azulon ,10/5/2009 5:01:52 PM ,1088.010 ,510.653 ,4511.71 MB ,2315.81 MB ,2931.98 MB ,10983.15 MB ,11264.86 MB ,4511.71 MB ,5226.67 MB ,2866 ,112 ,96 ,Log 
10/6/2009, 02:04:27, , ,4084 ,Azulon ,10/5/2009 5:01:52 PM ,1098.414 ,515.408 ,4512.76 MB ,2317.18 MB ,2931.98 MB ,10983.15 MB ,11264.86 MB ,4512.76 MB ,5226.67 MB ,2901 ,112 ,96 ,Log 
10/6/2009, 02:09:27, , ,4084 ,Azulon ,10/5/2009 5:01:52 PM ,1109.150 ,520.214 ,4514.41 MB ,2319.10 MB ,2931.98 MB ,10983.15 MB ,11264.86 MB ,4514.41 MB ,5226.67 MB ,2952 ,112 ,96 ,Log 
10/6/2009, 02:14:27, , ,4084 ,Azulon ,10/5/2009 5:01:52 PM ,1119.882 ,524.997 ,4515.70 MB ,2320.66 MB ,2931.98 MB ,10983.15 MB ,11264.86 MB ,4515.70 MB ,5226.67 MB ,3001 ,112 ,96 ,Log 
10/6/2009, 02:19:27, , ,4084 ,Azulon ,10/5/2009 5:01:52 PM ,1130.639 ,529.865 ,4517.28 MB ,2322.54 MB ,2931.98 MB ,10983.15 MB ,11264.86 MB ,4517.28 MB ,5226.67 MB ,3043 ,112 ,96 ,Log 
10/6/2009, 02:24:27, , ,4084 ,Azulon ,10/5/2009 5:01:52 PM ,1141.368 ,534.620 ,4532.35 MB ,2323.79 MB ,2931.98 MB ,10997.23 MB ,11264.86 MB ,4532.35 MB ,5226.67 MB ,3082 ,112 ,96 ,Log 
10/6/2009, 02:29:27, , ,4084 ,Azulon ,10/5/2009 5:01:52 PM ,1152.118 ,539.424 ,4533.52 MB ,2325.24 MB ,2931.98 MB ,10997.23 MB ,11264.86 MB ,4533.52 MB ,5226.67 MB ,3120 ,112 ,96 ,Log 
10/6/2009, 02:34:27, , ,4084 ,Azulon ,10/5/2009 5:01:52 PM ,1162.868 ,544.239 ,4533.95 MB ,2325.94 MB ,2931.98 MB ,10997.23 MB ,11264.86 MB ,4533.95 MB ,5226.67 MB ,3136 ,112 ,96 ,Log 
10/6/2009, 02:39:27, , ,4084 ,Azulon ,10/5/2009 5:01:52 PM ,1173.614 ,549.026 ,4534.24 MB ,2326.51 MB ,2931.98 MB ,10997.23 MB ,11264.86 MB ,4534.24 MB ,5226.67 MB ,3136 ,112 ,96 ,Log 
10/6/2009, 02:44:27, , ,4084 ,Azulon ,10/5/2009 5:01:52 PM ,1184.369 ,553.835 ,4534.24 MB ,2326.79 MB ,2931.98 MB ,10997.23 MB ,11264.86 MB ,4534.24 MB ,5226.67 MB ,3137 ,112 ,96 ,Log 
10/6/2009, 02:49:27, , ,4084 ,Azulon ,10/5/2009 5:01:52 PM ,1195.101 ,558.658 ,4534.30 MB ,2327.13 MB ,2931.98 MB ,10997.23 MB ,11264.86 MB ,4534.30 MB ,5226.67 MB ,3138 ,112 ,96 ,Log 
10/6/2009, 02:54:27, , ,4084 ,Azulon ,10/5/2009 5:01:52 PM ,1205.916 ,563.549 ,4534.70 MB ,2327.82 MB ,2931.98 MB ,10997.23 MB ,11264.86 MB ,4534.70 MB ,5226.67 MB ,3139 ,112 ,96 ,Log 
10/6/2009, 02:59:27, , ,4084 ,Azulon ,10/5/2009 5:01:52 PM ,1216.856 ,568.404 ,4535.67 MB ,2329.01 MB ,2931.98 MB ,10997.23 MB ,11264.86 MB ,4535.67 MB ,5226.67 MB ,3144 ,112 ,96 ,Log 
10/6/2009, 03:04:27, , ,4084 ,Azulon ,10/5/2009 5:01:52 PM ,1227.595 ,573.251 ,4535.72 MB ,2329.35 MB ,2931.98 MB ,10997.23 MB ,11264.86 MB ,4535.72 MB ,5226.67 MB ,3148 ,112 ,96 ,Log 
10/6/2009, 03:09:27, , ,4084 ,Azulon ,10/5/2009 5:01:52 PM ,1238.336 ,578.011 ,4535.80 MB ,2329.70 MB ,2931.98 MB ,10997.23 MB ,11264.86 MB ,4535.80 MB ,5226.67 MB ,3153 ,112 ,96 ,Log 
10/6/2009, 03:14:27, , ,4084 ,Azulon ,10/5/2009 5:01:52 PM ,1249.058 ,582.823 ,4535.89 MB ,2330.07 MB ,2931.98 MB ,10997.23 MB ,11264.86 MB ,4535.89 MB ,5226.67 MB ,3160 ,112 ,96 ,Log 
10/6/2009, 03:19:27, , ,4084 ,Azulon ,10/5/2009 5:01:52 PM ,1259.854 ,587.589 ,4536.36 MB ,2330.82 MB ,2931.98 MB ,10997.23 MB ,11264.86 MB ,4536.36 MB ,5226.67 MB ,3167 ,112 ,96 ,Log 
10/6/2009, 03:24:27, , ,4084 ,Azulon ,10/5/2009 5:01:52 PM ,1270.584 ,592.373 ,4536.54 MB ,2331.27 MB ,2931.98 MB ,10997.23 MB ,11264.86 MB ,4536.54 MB ,5226.67 MB ,3177 ,112 ,96 ,Log 
10/6/2009, 03:29:27, , ,4084 ,Azulon ,10/5/2009 5:01:52 PM ,1281.267 ,597.201 ,4536.79 MB ,2331.79 MB ,2931.98 MB ,10997.23 MB ,11264.86 MB ,4536.79 MB ,5226.67 MB ,3184 ,112 ,96 ,Log 
10/6/2009, 03:34:27, , ,4084 ,Azulon ,10/5/2009 5:01:52 PM ,1292.015 ,601.984 ,4537.14 MB ,2332.43 MB ,2931.98 MB ,10997.23 MB ,11264.86 MB ,4537.14 MB ,5226.67 MB ,3195 ,112 ,96 ,Log 
10/6/2009, 03:39:27, , ,4084 ,Azulon ,10/5/2009 5:01:52 PM ,1302.781 ,606.863 ,4537.39 MB ,2332.95 MB ,2931.98 MB ,10997.23 MB ,11264.86 MB ,4537.39 MB ,5226.67 MB ,3202 ,112 ,96 ,Log 
10/6/2009, 03:44:27, , ,4084 ,Azulon ,10/5/2009 5:01:52 PM ,1313.526 ,611.657 ,4537.50 MB ,2333.34 MB ,2931.98 MB ,10997.23 MB ,11264.86 MB ,4537.50 MB ,5226.67 MB ,3210 ,112 ,96 ,Log 
10/6/2009, 03:49:27, , ,4084 ,Azulon ,10/5/2009 5:01:52 PM ,1324.214 ,616.418 ,4537.65 MB ,2333.77 MB ,2931.98 MB ,10997.23 MB ,11264.86 MB ,4537.65 MB ,5226.67 MB ,3218 ,112 ,96 ,Log 
10/6/2009, 03:54:27, , ,4084 ,Azulon ,10/5/2009 5:01:52 PM ,1335.046 ,621.346 ,4538.25 MB ,2334.64 MB ,2931.98 MB ,10997.23 MB ,11264.86 MB ,4538.25 MB ,5226.67 MB ,3225 ,112 ,96 ,Log 
10/6/2009, 03:59:27, , ,4084 ,Azulon ,10/5/2009 5:01:52 PM ,1345.986 ,626.414 ,4539.21 MB ,2336.10 MB ,2931.98 MB ,10997.23 MB ,11264.86 MB ,4539.21 MB ,5226.67 MB ,3233 ,112 ,96 ,Log 
10/6/2009, 04:04:27, , ,4084 ,Azulon ,10/5/2009 5:01:52 PM ,1356.750 ,631.278 ,4539.62 MB ,2336.98 MB ,2931.98 MB ,10997.23 MB ,11264.86 MB ,4539.62 MB ,5226.67 MB ,3244 ,112 ,96 ,Log 
10/6/2009, 04:09:27, , ,4084 ,Azulon ,10/5/2009 5:01:52 PM ,1367.515 ,636.163 ,4539.85 MB ,2337.48 MB ,2931.98 MB ,10997.23 MB ,11264.86 MB ,4539.85 MB ,5226.67 MB ,3253 ,112 ,96 ,Log 
10/6/2009, 04:14:27, , ,4084 ,Azulon ,10/5/2009 5:01:52 PM ,1378.262 ,640.957 ,4540.03 MB ,2337.94 MB ,2931.98 MB ,10997.23 MB ,11264.86 MB ,4540.03 MB ,5226.67 MB ,3260 ,112 ,96 ,Log 
10/6/2009, 04:19:27, , ,4084 ,Azulon ,10/5/2009 5:01:52 PM ,1389.010 ,645.830 ,4540.41 MB ,2338.61 MB ,2931.98 MB ,10997.23 MB ,11264.86 MB ,4540.41 MB ,5226.67 MB ,3270 ,112 ,96 ,Log 
10/6/2009, 04:24:27, , ,4084 ,Azulon ,10/5/2009 5:01:52 PM ,1399.758 ,650.624 ,4540.53 MB ,2339.01 MB ,2931.98 MB ,10997.23 MB ,11264.86 MB ,4540.53 MB ,5226.67 MB ,3277 ,112 ,96 ,Log 
10/6/2009, 04:29:27, , ,4084 ,Azulon ,10/5/2009 5:01:52 PM ,1410.500 ,655.420 ,4540.80 MB ,2339.55 MB ,2931.98 MB ,10997.23 MB ,11264.86 MB ,4540.80 MB ,5226.67 MB ,3287 ,112 ,96 ,Log 
10/6/2009, 04:34:27, , ,4084 ,Azulon ,10/5/2009 5:01:52 PM ,1421.236 ,660.196 ,4541.04 MB ,2340.07 MB ,2931.98 MB ,10997.23 MB ,11264.86 MB ,4541.04 MB ,5226.67 MB ,3298 ,112 ,96 ,Log 
10/6/2009, 04:39:27, , ,4084 ,Azulon ,10/5/2009 5:01:52 PM ,1431.979 ,664.987 ,4541.42 MB ,2340.80 MB ,2931.98 MB ,10997.23 MB ,11264.86 MB ,4541.42 MB ,5226.67 MB ,3305 ,112 ,96 ,Log 
10/6/2009, 04:44:27, , ,4084 ,Azulon ,10/5/2009 5:01:52 PM ,1442.718 ,669.757 ,4541.66 MB ,2341.33 MB ,2931.98 MB ,10997.23 MB ,11264.86 MB ,4541.66 MB ,5226.67 MB ,3315 ,112 ,96 ,Log 
10/6/2009, 04:49:27, , ,4084 ,Azulon ,10/5/2009 5:01:52 PM ,1453.437 ,674.502 ,4541.93 MB ,2341.88 MB ,2931.98 MB ,10997.23 MB ,11264.86 MB ,4541.93 MB ,5226.67 MB ,3324 ,112 ,96 ,Log 
10/6/2009, 04:54:27, , ,4084 ,Azulon ,10/5/2009 5:01:52 PM ,1464.239 ,679.352 ,4543.38 MB ,2343.62 MB ,2931.98 MB ,10997.23 MB ,11264.86 MB ,4543.38 MB ,5226.67 MB ,3358 ,112 ,96 ,Log 
10/6/2009, 04:59:27, , ,4084 ,Azulon ,10/5/2009 5:01:52 PM ,1475.164 ,684.344 ,4545.54 MB ,2346.10 MB ,2931.98 MB ,10997.23 MB ,11264.86 MB ,4545.54 MB ,5226.67 MB ,3415 ,112 ,96 ,Log 
Date, Time,- ,# ,ProcId ,Name ,Start ,TotalTm ,UserTm ,PrivateMem ,WorkSet ,WorkSet (Peak) ,Virtual Size ,Virtual (Peak) Size ,Paged Size ,Paged (Peak) Size ,Handles ,#Threads ,#Modules ,Log 
10/6/2009, 05:04:27, , ,4084 ,Azulon ,10/5/2009 5:01:52 PM ,1485.903 ,689.151 ,4546.93 MB ,2347.80 MB ,2931.98 MB ,10997.23 MB ,11264.86 MB ,4546.93 MB ,5226.67 MB ,3469 ,112 ,96 ,Log 
10/6/2009, 05:09:27, , ,4084 ,Azulon ,10/5/2009 5:01:52 PM ,1496.645 ,694.021 ,4548.39 MB ,2349.55 MB ,2931.98 MB ,10997.23 MB ,11264.86 MB ,4548.39 MB ,5226.67 MB ,3517 ,112 ,96 ,Log 
10/6/2009, 05:14:27, , ,4084 ,Azulon ,10/5/2009 5:01:52 PM ,1507.386 ,698.849 ,4550.87 MB ,2352.32 MB ,2931.98 MB ,10997.23 MB ,11264.86 MB ,4550.87 MB ,5226.67 MB ,3612 ,112 ,96 ,Log 
10/6/2009, 05:19:27, , ,4084 ,Azulon ,10/5/2009 5:01:52 PM ,1518.103 ,703.666 ,4551.42 MB ,2353.14 MB ,2931.98 MB ,10997.23 MB ,11264.86 MB ,4551.42 MB ,5226.67 MB ,3612 ,112 ,96 ,Log 
10/6/2009, 05:24:27, , ,4084 ,Azulon ,10/5/2009 5:01:52 PM ,1528.836 ,708.490 ,4551.42 MB ,2353.42 MB ,2931.98 MB ,10997.23 MB ,11264.86 MB ,4551.42 MB ,5226.67 MB ,3614 ,112 ,96 ,Log 
10/6/2009, 05:29:27, , ,4084 ,Azulon ,10/5/2009 5:01:52 PM ,1539.576 ,713.288 ,4551.42 MB ,2353.70 MB ,2931.98 MB ,10997.23 MB ,11264.86 MB ,4551.42 MB ,5226.67 MB ,3615 ,112 ,96 ,Log 
10/6/2009, 05:34:27, , ,4084 ,Azulon ,10/5/2009 5:01:52 PM ,1550.326 ,718.120 ,4551.42 MB ,2353.97 MB ,2931.98 MB ,10997.23 MB ,11264.86 MB ,4551.42 MB ,5226.67 MB ,3617 ,112 ,96 ,Log 
10/6/2009, 05:39:27, , ,4084 ,Azulon ,10/5/2009 5:01:52 PM ,1561.089 ,722.918 ,4551.64 MB ,2354.47 MB ,2931.98 MB ,10997.23 MB ,11264.86 MB ,4551.64 MB ,5226.67 MB ,3619 ,112 ,96 ,Log 
10/6/2009, 05:44:27, , ,4084 ,Azulon ,10/5/2009 5:01:52 PM ,1571.818 ,727.678 ,4551.64 MB ,2354.74 MB ,2931.98 MB ,10997.23 MB ,11264.86 MB ,4551.64 MB ,5226.67 MB ,3619 ,112 ,96 ,Log 
10/6/2009, 05:49:27, , ,4084 ,Azulon ,10/5/2009 5:01:52 PM ,1582.590 ,732.481 ,4551.64 MB ,2355.02 MB ,2931.98 MB ,10997.23 MB ,11264.86 MB ,4551.64 MB ,5226.67 MB ,3620 ,112 ,96 ,Log 
10/6/2009, 05:54:27, , ,4084 ,Azulon ,10/5/2009 5:01:52 PM ,1593.447 ,737.422 ,4551.99 MB ,2355.65 MB ,2931.98 MB ,10997.23 MB ,11264.86 MB ,4551.99 MB ,5226.67 MB ,3621 ,112 ,96 ,Log 
10/6/2009, 05:59:27, , ,4084 ,Azulon ,10/5/2009 5:01:52 PM ,1604.321 ,742.480 ,4552.63 MB ,2356.57 MB ,2931.98 MB ,10997.23 MB ,11264.86 MB ,4552.63 MB ,5226.67 MB ,3622 ,112 ,96 ,Log 
10/6/2009, 06:04:27, , ,4084 ,Azulon ,10/5/2009 5:01:52 PM ,1615.054 ,747.288 ,4552.63 MB ,2356.86 MB ,2931.98 MB ,10997.23 MB ,11264.86 MB ,4552.63 MB ,5226.67 MB ,3624 ,112 ,96 ,Log 
10/6/2009, 06:09:27, , ,4084 ,Azulon ,10/5/2009 5:01:52 PM ,1625.839 ,752.152 ,4552.79 MB ,2357.29 MB ,2931.98 MB ,10997.23 MB ,11264.86 MB ,4552.79 MB ,5226.67 MB ,3632 ,112 ,96 ,Log 
10/6/2009, 06:14:27, , ,4084 ,Azulon ,10/5/2009 5:01:52 PM ,1636.568 ,756.951 ,4552.83 MB ,2357.61 MB ,2931.98 MB ,10997.23 MB ,11264.86 MB ,4552.83 MB ,5226.67 MB ,3634 ,112 ,96 ,Log 
10/6/2009, 06:19:27, , ,4084 ,Azulon ,10/5/2009 5:01:52 PM ,1647.279 ,761.795 ,4553.08 MB ,2358.13 MB ,2931.98 MB ,10997.23 MB ,11264.86 MB ,4553.08 MB ,5226.67 MB ,3641 ,112 ,96 ,Log 
10/6/2009, 06:24:27, , ,4084 ,Azulon ,10/5/2009 5:01:52 PM ,1658.029 ,766.609 ,4553.26 MB ,2358.58 MB ,2931.98 MB ,10997.23 MB ,11264.86 MB ,4553.26 MB ,5226.67 MB ,3648 ,112 ,96 ,Log 
10/6/2009, 06:29:27, , ,4084 ,Azulon ,10/5/2009 5:01:52 PM ,1668.759 ,771.392 ,4553.57 MB ,2359.17 MB ,2931.98 MB ,10997.23 MB ,11264.86 MB ,4553.57 MB ,5226.67 MB ,3658 ,112 ,96 ,Log 
10/6/2009, 06:34:27, , ,4084 ,Azulon ,10/5/2009 5:01:52 PM ,1679.519 ,776.190 ,4554.03 MB ,2359.91 MB ,2931.98 MB ,10997.23 MB ,11264.86 MB ,4554.03 MB ,5226.67 MB ,3667 ,112 ,96 ,Log 
10/6/2009, 06:39:27, , ,4084 ,Azulon ,10/5/2009 5:01:52 PM ,1690.254 ,781.050 ,4575.43 MB ,2360.42 MB ,2931.98 MB ,11018.34 MB ,11264.86 MB ,4575.43 MB ,5226.67 MB ,3676 ,112 ,96 ,Log 
10/6/2009, 06:44:27, , ,4084 ,Azulon ,10/5/2009 5:01:52 PM ,1700.974 ,785.906 ,4575.56 MB ,2360.83 MB ,2931.98 MB ,11018.34 MB ,11264.86 MB ,4575.56 MB ,5226.67 MB ,3684 ,112 ,96 ,Log 
10/6/2009, 06:49:27, , ,4084 ,Azulon ,10/5/2009 5:01:52 PM ,1711.702 ,790.799 ,4576.25 MB ,2361.79 MB ,2931.98 MB ,11018.85 MB ,11264.86 MB ,4576.25 MB ,5226.67 MB ,3691 ,112 ,96 ,Log 
10/6/2009, 06:54:27, , ,4084 ,Azulon ,10/5/2009 5:01:52 PM ,1722.582 ,795.800 ,4577.43 MB ,2363.24 MB ,2931.98 MB ,11019.36 MB ,11264.86 MB ,4577.43 MB ,5226.67 MB ,3701 ,112 ,96 ,Log 
10/6/2009, 06:59:27, , ,4084 ,Azulon ,10/5/2009 5:01:52 PM ,1733.467 ,800.755 ,4578.31 MB ,2364.41 MB ,2931.98 MB ,11019.36 MB ,11264.86 MB ,4578.31 MB ,5226.67 MB ,3713 ,112 ,96 ,Log 
10/6/2009, 07:04:27, , ,4084 ,Azulon ,10/5/2009 5:01:52 PM ,1744.217 ,805.567 ,4578.43 MB ,2364.83 MB ,2931.98 MB ,11019.36 MB ,11264.86 MB ,4578.43 MB ,5226.67 MB ,3720 ,112 ,96 ,Log 
10/6/2009, 07:09:27, , ,4084 ,Azulon ,10/5/2009 5:01:52 PM ,1754.952 ,810.344 ,4578.65 MB ,2365.32 MB ,2931.98 MB ,11019.36 MB ,11264.86 MB ,4578.65 MB ,5226.67 MB ,3732 ,112 ,96 ,Log 
10/6/2009, 07:14:27, , ,4084 ,Azulon ,10/5/2009 5:01:52 PM ,1765.679 ,815.131 ,4578.77 MB ,2365.72 MB ,2931.98 MB ,11019.36 MB ,11264.86 MB ,4578.77 MB ,5226.67 MB ,3740 ,112 ,96 ,Log 
10/6/2009, 07:19:27, , ,4084 ,Azulon ,10/5/2009 5:01:52 PM ,1776.443 ,819.973 ,4579.09 MB ,2366.33 MB ,2931.98 MB ,11019.36 MB ,11264.86 MB ,4579.09 MB ,5226.67 MB ,3747 ,112 ,96 ,Log 
10/6/2009, 07:24:27, , ,4084 ,Azulon ,10/5/2009 5:01:52 PM ,1787.188 ,824.761 ,4579.34 MB ,2366.85 MB ,2931.98 MB ,11019.36 MB ,11264.86 MB ,4579.34 MB ,5226.67 MB ,3757 ,112 ,96 ,Log 
10/6/2009, 07:29:27, , ,4084 ,Azulon ,10/5/2009 5:01:52 PM ,1797.912 ,829.588 ,4579.55 MB ,2367.34 MB ,2931.98 MB ,11019.36 MB ,11264.86 MB ,4579.55 MB ,5226.67 MB ,3765 ,112 ,96 ,Log 
10/6/2009, 07:34:27, , ,4084 ,Azulon ,10/5/2009 5:01:52 PM ,1808.661 ,834.392 ,4579.90 MB ,2367.95 MB ,2931.98 MB ,11019.36 MB ,11264.86 MB ,4579.90 MB ,5226.67 MB ,3775 ,112 ,96 ,Log 
10/6/2009, 07:39:27, , ,4084 ,Azulon ,10/5/2009 5:01:52 PM ,1819.406 ,839.193 ,4580.21 MB ,2368.56 MB ,2931.98 MB ,11019.36 MB ,11264.86 MB ,4580.21 MB ,5226.67 MB ,3785 ,112 ,96 ,Log 
10/6/2009, 07:44:27, , ,4084 ,Azulon ,10/5/2009 5:01:52 PM ,1830.161 ,843.988 ,4580.43 MB ,2369.04 MB ,2931.98 MB ,11019.36 MB ,11264.86 MB ,4580.43 MB ,5226.67 MB ,3796 ,112 ,96 ,Log 
10/6/2009, 07:49:27, , ,4084 ,Azulon ,10/5/2009 5:01:52 PM ,1840.907 ,848.790 ,4580.70 MB ,2369.60 MB ,2931.98 MB ,11019.36 MB ,11264.86 MB ,4580.70 MB ,5226.67 MB ,3806 ,112 ,96 ,Log 
10/6/2009, 07:54:27, , ,4084 ,Azulon ,10/5/2009 5:01:52 PM ,1851.742 ,853.656 ,4581.84 MB ,2371.00 MB ,2931.98 MB ,11019.36 MB ,11264.86 MB ,4581.84 MB ,5226.67 MB ,3831 ,112 ,96 ,Log 
10/6/2009, 07:59:27, , ,4084 ,Azulon ,10/5/2009 5:01:52 PM ,1862.647 ,858.572 ,4583.70 MB ,2373.13 MB ,2931.98 MB ,11019.36 MB ,11264.86 MB ,4583.70 MB ,5226.67 MB ,3881 ,112 ,96 ,Log 
10/6/2009, 08:04:27, , ,4084 ,Azulon ,10/5/2009 5:01:52 PM ,1873.369 ,863.408 ,4585.06 MB ,2375.01 MB ,2931.98 MB ,11019.36 MB ,11264.86 MB ,4585.06 MB ,5226.67 MB ,3930 ,112 ,96 ,Log 
10/6/2009, 08:09:27, , ,4084 ,Azulon ,10/5/2009 5:01:52 PM ,1884.113 ,868.221 ,4586.57 MB ,2376.79 MB ,2931.98 MB ,11019.36 MB ,11264.86 MB ,4586.57 MB ,5226.67 MB ,3979 ,112 ,96 ,Log 
10/6/2009, 08:14:27, , ,4084 ,Azulon ,10/5/2009 5:01:52 PM ,1894.843 ,873.094 ,4587.33 MB ,2377.83 MB ,2931.98 MB ,11019.36 MB ,11264.86 MB ,4587.33 MB ,5226.67 MB ,4009 ,112 ,96 ,Log 
10/6/2009, 08:19:27, , ,4084 ,Azulon ,10/5/2009 5:01:52 PM ,1905.638 ,877.923 ,4589.14 MB ,2379.99 MB ,2931.98 MB ,11019.36 MB ,11264.86 MB ,4589.14 MB ,5226.67 MB ,4062 ,112 ,96 ,Log 
10/6/2009, 08:24:27, , ,4084 ,Azulon ,10/5/2009 5:01:52 PM ,1916.371 ,882.689 ,4589.99 MB ,2381.12 MB ,2931.98 MB ,11019.36 MB ,11264.86 MB ,4589.99 MB ,5226.67 MB ,4092 ,112 ,96 ,Log 
10/6/2009, 08:29:27, , ,4084 ,Azulon ,10/5/2009 5:01:52 PM ,1927.090 ,887.531 ,4590.00 MB ,2381.40 MB ,2931.98 MB ,11019.36 MB ,11264.86 MB ,4590.00 MB ,5226.67 MB ,4093 ,112 ,96 ,Log 
10/6/2009, 08:34:27, , ,4084 ,Azulon ,10/5/2009 5:01:52 PM ,1937.845 ,892.398 ,4590.22 MB ,2381.90 MB ,2931.98 MB ,11019.36 MB ,11264.86 MB ,4590.22 MB ,5226.67 MB ,4095 ,112 ,96 ,Log 
10/6/2009, 08:39:27, , ,4084 ,Azulon ,10/5/2009 5:01:52 PM ,1948.594 ,897.207 ,4590.29 MB ,2382.24 MB ,2931.98 MB ,11019.36 MB ,11264.86 MB ,4590.29 MB ,5226.67 MB ,4097 ,112 ,96 ,Log 
10/6/2009, 08:44:27, , ,4084 ,Azulon ,10/5/2009 5:01:52 PM ,1959.340 ,902.033 ,4590.34 MB ,2382.57 MB ,2931.98 MB ,11019.36 MB ,11264.86 MB ,4590.34 MB ,5226.67 MB ,4098 ,112 ,96 ,Log 
10/6/2009, 08:49:27, , ,4084 ,Azulon ,10/5/2009 5:01:52 PM ,1970.072 ,906.870 ,4590.38 MB ,2382.87 MB ,2931.98 MB ,11019.36 MB ,11264.86 MB ,4590.38 MB ,5226.67 MB ,4099 ,112 ,96 ,Log 
10/6/2009, 08:54:27, , ,4084 ,Azulon ,10/5/2009 5:01:52 PM ,1980.872 ,911.742 ,4590.96 MB ,2389.12 MB ,2931.98 MB ,11019.36 MB ,11264.86 MB ,4590.96 MB ,5226.67 MB ,4099 ,112 ,96 ,Log 
10/6/2009, 08:59:27, , ,4084 ,Azulon ,10/5/2009 5:01:52 PM ,1989.561 ,915.575 ,3700.25 MB ,1494.11 MB ,2931.98 MB ,10713.57 MB ,11271.71 MB ,3700.25 MB ,5226.67 MB ,4751 ,97 ,96 ,Log 
10/6/2009, 09:04:27, , ,4084 ,Azulon ,10/5/2009 5:01:52 PM ,1998.065 ,919.430 ,5292.97 MB ,2977.33 MB ,2977.69 MB ,11232.44 MB ,11272.95 MB ,5292.97 MB ,5314.85 MB ,4920 ,117 ,96 ,Log 
10/6/2009, 09:09:27, , ,4084 ,Azulon ,10/5/2009 5:01:52 PM ,2006.226 ,923.247 ,4942.51 MB ,2805.58 MB ,3066.80 MB ,11036.03 MB ,11313.41 MB ,4942.51 MB ,5359.05 MB ,5151 ,131 ,96 ,Log 
Date, Time,- ,# ,ProcId ,Name ,Start ,TotalTm ,UserTm ,PrivateMem ,WorkSet ,WorkSet (Peak) ,Virtual Size ,Virtual (Peak) Size ,Paged Size ,Paged (Peak) Size ,Handles ,#Threads ,#Modules ,Log 
10/6/2009, 09:14:27, , ,4084 ,Azulon ,10/5/2009 5:01:52 PM ,2014.714 ,927.170 ,4996.90 MB ,2859.65 MB ,3074.38 MB ,11002.61 MB ,11313.41 MB ,4996.90 MB ,5363.79 MB ,5133 ,120 ,96 ,Log 
10/6/2009, 09:19:27, , ,4084 ,Azulon ,10/5/2009 5:01:52 PM ,2022.965 ,931.006 ,4956.57 MB ,2886.60 MB ,3074.39 MB ,10949.46 MB ,11313.41 MB ,4956.57 MB ,5363.79 MB ,5125 ,109 ,96 ,Log 
10/6/2009, 09:24:27, , ,4084 ,Azulon ,10/5/2009 5:01:52 PM ,2031.084 ,934.759 ,4958.47 MB ,2783.93 MB ,3087.41 MB ,10952.61 MB ,11313.41 MB ,4958.47 MB ,5371.88 MB ,5070 ,110 ,96 ,Log 
10/6/2009, 09:29:27, , ,4084 ,Azulon ,10/5/2009 5:01:52 PM ,2039.300 ,938.590 ,5224.19 MB ,2947.19 MB ,3090.29 MB ,11210.61 MB ,11313.41 MB ,5224.19 MB ,5376.89 MB ,5018 ,108 ,96 ,Log 
10/6/2009, 09:34:27, , ,4084 ,Azulon ,10/5/2009 5:01:52 PM ,2047.801 ,942.547 ,4968.89 MB ,2872.62 MB ,3092.01 MB ,10989.79 MB ,11313.41 MB ,4968.89 MB ,5376.89 MB ,5130 ,119 ,96 ,Log 
